guestid,name,birth
1,Alvera,02/09/2002
2,Hildy,04/07/1985
3,Goldia,05/03/1990
4,Phillipp,22/02/1959
5,Jacques,24/12/1971
6,Lotte,20/04/1981
7,Doll,19/09/1985
8,Cherida,14/08/1973
9,Adelheid,20/01/1968
10,Michael,23/04/1952
11,Electra,29/03/1983
12,Amalia,06/09/2022
13,Doreen,27/08/1975
14,Gaspard,16/04/2024
15,Patty,21/09/1957
16,Vinni,01/06/2016
17,Valentine,14/04/1979
18,Teena,26/05/2001
19,Raimondo,06/02/1974
20,Ham,20/07/1998
21,Ephrem,24/09/1982
22,Barbee,09/02/1997
23,Danya,21/08/2017
24,Ruperta,17/10/1996
25,Koren,21/02/1979
26,Kimmi,24/10/2003
27,Inna,31/05/1955
28,Katheryn,01/11/1956
29,Cosmo,16/01/1955
30,Cleon,29/01/1973
31,Shell,25/01/1997
32,Tina,29/06/1997
33,Hope,28/02/1995
34,Petronilla,31/03/1967
35,Adore,10/02/1983
36,Corbie,12/08/1998
37,Tully,14/01/1968
38,Eugine,29/02/1952
39,Devland,17/12/1991
40,Grazia,05/06/2009
41,Payton,14/05/1961
42,Allyce,21/05/1993
43,Gian,08/08/2024
44,Leoine,20/11/1981
45,Pauli,24/08/2022
46,Elfrieda,25/11/1992
47,Shaina,10/11/1969
48,Brigitte,16/07/2019
49,Stefan,25/10/1965
50,Jessee,18/01/2010
51,Rorie,06/03/1992
52,Abagail,10/06/1957
53,Christan,12/06/1976
54,Rosy,03/12/1984
55,Gibby,16/04/2018
56,Towny,10/07/1995
57,Pepe,27/04/2004
58,Lexy,16/10/1972
59,Staford,25/03/1968
60,Marena,20/10/1987
61,Sayre,10/09/1983
62,Anjanette,02/08/1991
63,Wildon,01/10/1996
64,Theadora,25/04/1991
65,Bar,11/01/1953
66,Libbie,26/07/1952
67,Tyrone,29/12/2013
68,Babita,10/02/1991
69,Marji,23/04/2001
70,Alfredo,15/08/1993
71,Cordelia,26/08/1994
72,Godfree,17/12/1968
73,Jacqueline,20/11/1986
74,Waiter,13/07/1979
75,Alvera,16/01/2003
76,Farica,04/08/1960
77,Town,01/06/2003
78,Aloisia,09/02/1966
79,Melisenda,29/01/1976
80,Aeriell,15/09/1962
81,Eloise,28/06/1953
82,Maggy,19/08/1962
83,Benito,26/01/1966
84,Ellwood,20/03/1965
85,Beverie,11/02/1971
86,Pietra,12/06/1957
87,Bonnee,21/08/2006
88,Alfredo,04/11/1981
89,Amby,16/04/1973
90,Gerry,24/11/2005
91,Leodora,14/08/2023
92,Cassey,17/11/1952
93,Bradly,12/09/2018
94,Eimile,18/11/2001
95,Leigha,13/05/2016
96,Marilin,31/12/1984
97,Rodolfo,20/05/1977
98,Vidovik,16/08/1975
99,Marissa,18/05/1965
100,Laverne,02/12/1963
101,Matt,14/04/2019
102,Federica,18/08/1963
103,Jessey,12/06/1957
104,Mattie,17/11/1987
105,Lindsey,26/06/1979
106,Reinwald,20/04/2023
107,Audrye,12/10/1991
108,Danice,23/08/1978
109,Lionello,11/11/2007
110,Shalne,08/10/1987
111,Humbert,20/01/1956
112,Rikki,18/10/2014
113,Minta,15/11/1958
114,Cchaddie,09/08/1995
115,Arel,03/02/1997
116,Esme,09/12/1956
117,Padraic,04/03/2000
118,Miof mela,28/10/1980
119,Danna,18/03/2009
120,Benjy,19/04/1991
121,Ivonne,24/12/1970
122,Reinhard,13/05/2004
123,Cello,21/02/1983
124,Hugues,30/01/2015
125,Mordecai,22/10/2009
126,Erhard,05/12/2001
127,Janot,05/06/1970
128,Daveen,20/12/2003
129,Fee,28/10/1993
130,Carmela,13/05/2005
131,Cele,15/06/2016
132,Merridie,29/08/2016
133,Starlin,02/03/1953
134,Waylon,09/02/2005
135,Spenser,24/01/1981
136,Kelby,06/08/2013
137,Huntington,09/07/1961
138,Lani,04/07/1975
139,Vilma,16/11/1985
140,Malanie,06/09/1957
141,Bartholomeus,12/03/1987
142,Gerek,27/06/2009
143,Aharon,08/06/2017
144,Rickey,25/01/1996
145,Morgen,31/10/2019
146,Ketti,16/02/2011
147,Courtney,07/04/1954
148,Stepha,30/01/2016
149,Sylvan,30/01/1969
150,Muhammad,28/04/1985
151,Ogdon,10/03/1958
152,Gerrie,10/08/1971
153,Cris,11/12/2005
154,Tyne,21/03/1962
155,Jon,16/09/1995
156,Lyndsey,06/12/2014
157,Morrie,03/06/1951
158,Inesita,18/03/1995
159,Leighton,07/10/2004
160,Dasha,14/12/1971
161,Jourdain,04/09/1988
162,Lynde,07/03/2012
163,Caryl,18/11/2002
164,Brear,26/09/2001
165,Ave,14/01/1975
166,Davide,12/10/2003
167,Arabel,04/04/2018
168,Rosmunda,02/12/1974
169,Aileen,12/11/2002
170,Sonnie,19/04/1990
171,Beulah,10/01/1978
172,Towney,06/09/1989
173,Kakalina,02/10/1991
174,Janis,11/11/1985
175,Carlotta,03/02/2024
176,Cleopatra,15/05/1991
177,Yetta,01/01/1975
178,Lutero,25/02/1992
179,Ferrel,18/04/2006
180,Con,30/12/1988
181,Catherina,21/02/2009
182,Layney,01/01/1990
183,Ashlie,29/04/2022
184,Ricoriki,24/06/1992
185,Ignazio,11/01/1978
186,Zola,17/11/1968
187,Doretta,28/09/2004
188,Olia,28/11/1959
189,Rachelle,30/09/2015
190,Cate,01/09/2023
191,Julieta,10/10/1972
192,Rafaellle,05/05/1997
193,Fidole,22/09/1984
194,Toddie,19/12/1995
195,Abbe,14/06/2004
196,Broddie,05/03/1962
197,Nicolais,23/07/1969
198,Nan,20/11/1967
199,Yanaton,15/08/2011
200,Julieta,05/10/2012
201,Donica,23/02/1979
202,Elsbeth,03/08/1997
203,Calypso,22/06/1993
204,Bianka,15/06/1999
205,Ariela,23/11/2013
206,Tami,26/10/1964
207,Tristan,28/02/2020
208,Julina,22/01/1969
209,Reiko,12/08/2016
210,Ester,05/08/1969
211,Cathi,22/04/1964
212,Pedro,13/04/1978
213,Wandis,15/10/1978
214,Letizia,25/01/1978
215,Phillip,30/10/1989
216,Rogers,03/09/2022
217,Adey,28/01/2015
218,Rodina,14/08/1972
219,Marina,24/03/1988
220,Maury,30/09/1963
221,Sheff,03/05/1963
222,Janeczka,24/10/2003
223,Marieann,22/12/2020
224,Quinta,01/05/1961
225,Guillermo,18/08/1980
226,Salvador,11/06/1992
227,Bradney,30/08/1974
228,Zechariah,03/04/1960
229,Alisa,25/06/1970
230,Deloris,02/10/1986
231,Stanislaus,29/01/2012
232,Bobbye,12/08/1994
233,Dode,02/07/1987
234,Salvador,26/09/1982
235,Clementius,31/07/2010
236,Clim,30/04/2024
237,Tine,22/04/1981
238,Kittie,10/05/1955
239,Paco,19/08/2003
240,Tobe,11/05/1963
241,Berny,11/03/1974
242,Pearla,26/11/1974
243,Hendrika,20/01/1959
244,Floyd,27/04/1971
245,Dani,16/10/1984
246,Devy,05/01/2015
247,Sayers,02/12/1977
248,Alex,15/08/1979
249,Blondy,05/08/1986
250,Ugo,06/04/1993
251,Moore,26/08/1985
252,Suzie,17/06/1990
253,Nico,23/07/1978
254,Eberhard,20/05/1980
255,Shanta,22/10/2010
256,Caritta,15/08/1971
257,Nisse,13/06/2000
258,Aurlie,26/10/2014
259,Janenna,12/03/1967
260,Daphna,03/10/1994
261,Norton,13/02/1983
262,Nyssa,25/12/1970
263,Wolfy,08/12/2009
264,Ernesto,24/10/1985
265,Gill,21/09/1976
266,Brandi,20/09/2008
267,Brandy,12/06/2013
268,Kingsley,04/02/1988
269,Giacobo,03/04/1994
270,Allan,26/01/2015
271,Carolan,16/01/1967
272,Constance,29/11/2005
273,Arlyn,05/10/1990
274,Meris,18/09/1989
275,Matthew,30/07/1987
276,Tabatha,28/02/2014
277,Miriam,19/08/1992
278,Lucine,13/09/1988
279,Elga,15/10/1982
280,Barrie,17/04/2000
281,Layney,20/10/2003
282,Meriel,27/05/1969
283,Samantha,14/12/1981
284,Fidelity,08/01/2015
285,Elinore,03/09/1950
286,Earlie,29/09/1993
287,Augustine,30/04/1957
288,Anya,19/04/1964
289,Giff,04/02/2001
290,Emogene,11/07/1954
291,Nickolas,13/04/1979
292,Arda,13/11/1990
293,Berty,25/07/1993
294,Anastassia,04/03/1980
295,Doralia,10/12/2006
296,Hartwell,02/09/1970
297,Boot,05/09/2002
298,Archibald,31/03/1955
299,Rollo,13/11/2009
300,Ichabod,17/06/1980
301,Ertha,22/09/1991
302,Bevan,30/06/1954
303,Anna-maria,15/03/2012
304,Annabelle,23/08/1954
305,Candie,14/11/1959
306,Davide,23/07/1961
307,Elsinore,29/08/2005
308,Zackariah,14/03/2012
309,Dotti,24/05/1970
310,Kenyon,08/06/1960
311,Salomi,11/06/1974
312,Loutitia,15/02/1985
313,Callean,24/09/2012
314,Chaim,15/12/2006
315,Codi,09/09/1950
316,Babs,19/12/1958
317,Giacobo,20/04/1955
318,Marjy,20/04/2006
319,Geoff,20/10/1973
320,Cris,12/07/1991
321,Marina,05/03/2015
322,Cherin,20/12/1977
323,Adan,26/08/1972
324,Carmina,18/04/2006
325,Pandora,23/05/1982
326,Timofei,31/10/1976
327,Ilario,18/10/2020
328,Allister,13/01/2014
329,Nanine,23/09/1956
330,Bailey,22/03/1987
331,Gretta,25/09/2017
332,Nicola,08/02/2015
333,Nappy,28/04/1971
334,Kally,10/05/2000
335,Darsie,22/09/1975
336,Aube,14/03/1963
337,Harry,30/09/1973
338,Lethia,21/01/2018
339,Alisa,07/02/2008
340,Florencia,02/03/1951
341,Jarid,19/08/1971
342,Blanca,15/07/1991
343,Tally,09/03/1987
344,Matthus,20/02/1970
345,Honor,11/06/1986
346,Clemmie,23/01/1995
347,Kenton,27/04/1998
348,Corrine,27/06/1972
349,Grenville,23/08/1981
350,Aldric,15/01/1968
351,Jorry,02/04/1983
352,Averil,25/10/1965
353,Aryn,13/03/1955
354,Ceciley,11/07/1966
355,Kelley,08/08/1991
356,Kattie,05/03/2014
357,Burton,31/05/1994
358,Artus,01/09/1978
359,Westbrook,26/04/2009
360,Kelbee,27/09/1989
361,Web,24/07/1984
362,Cris,10/09/1992
363,Silvester,23/06/2015
364,Udall,06/07/2002
365,Lynda,05/03/1989
366,Katinka,06/06/2009
367,Valry,09/02/1968
368,Hiram,30/12/2014
369,Millicent,19/02/2017
370,Stanislaus,13/07/1974
371,Avictor,29/08/2018
372,Claudelle,04/12/1983
373,Chico,28/12/1998
374,Juliana,04/11/1994
375,Kimbell,29/10/1979
376,Allayne,26/06/2014
377,Kerwinn,10/08/1999
378,Wakefield,26/08/1992
379,Toiboid,03/04/1972
380,Jammal,07/10/1990
381,Kaleb,05/12/1959
382,Dorthy,09/11/1953
383,Bari,29/06/1951
384,Blake,17/07/2011
385,Stormie,30/04/1978
386,Taber,12/06/1959
387,Filip,30/03/1967
388,Konstantine,10/11/1971
389,Abner,30/01/2024
390,Joya,10/12/1964
391,Daryl,26/06/1991
392,Jaclin,11/04/1955
393,Bambi,17/09/1962
394,Lucais,15/05/1952
395,Christian,18/07/1958
396,Jocelyne,21/07/2014
397,Alia,17/10/1956
398,Sherm,01/11/1972
399,Lurleen,06/11/1988
400,Melisa,30/11/2007
401,Eleni,15/02/2004
402,Torey,10/01/2020
403,Ax,05/10/1967
404,Lay,17/12/1976
405,Margaux,08/03/1962
406,Humfrid,10/10/1955
407,Crista,05/11/1995
408,Lindsy,17/04/1969
409,Gabriele,16/11/2019
410,Sherilyn,12/09/1954
411,Emilio,17/01/1969
412,Arabel,08/09/1977
413,Moe,21/08/1970
414,Ragnar,18/06/1958
415,Ainslee,20/12/2007
416,Lorena,17/03/2019
417,Quentin,17/07/2005
418,Laurice,19/05/1973
419,Stoddard,14/03/1968
420,Caressa,25/03/1980
421,Chandal,17/06/1969
422,Madella,13/09/2014
423,Gilburt,01/06/1985
424,Elfreda,04/02/1977
425,Loella,01/12/1952
426,Kendra,15/06/1994
427,Jillane,12/09/2022
428,Pattie,07/07/2012
429,Tammy,26/06/1965
430,Claiborne,15/08/1969
431,Alfie,01/10/2001
432,Bryan,21/06/2011
433,Laural,31/05/2018
434,Raimund,10/10/2000
435,Michell,09/07/1955
436,Avis,26/06/2007
437,Cynthie,18/07/2012
438,Odessa,14/02/1970
439,Baird,12/03/1965
440,Bil,16/05/2023
441,Addia,17/02/2004
442,Annabel,19/08/1998
443,Daryn,09/02/2009
444,Karel,05/12/1971
445,Dulsea,30/05/2006
446,Hanson,06/11/1960
447,Dorette,27/08/1992
448,Burty,10/01/2023
449,Germaine,28/10/1986
450,Chase,08/04/2007
451,Augy,14/05/1964
452,Isiahi,23/11/1963
453,Barbette,18/10/1995
454,Fons,30/05/1975
455,Pauly,21/12/1957
456,Gaylor,10/07/1968
457,Garnet,01/03/1978
458,Seward,10/04/2002
459,Kingsly,22/01/1979
460,Terra,16/06/2008
461,Fax,14/08/1996
462,Cosme,14/12/2023
463,Napoleon,13/04/1965
464,Cathryn,18/07/2017
465,Joeann,05/09/1956
466,Halie,07/11/2003
467,Austin,12/10/1965
468,Sibelle,26/01/2004
469,Ester,30/06/2002
470,Grant,25/04/1982
471,Lisha,26/04/1981
472,Kelley,14/08/1987
473,Jessi,18/10/1996
474,Nathanael,07/07/1994
475,Madeleine,07/02/1961
476,Anjela,09/09/1982
477,Cristal,05/07/1956
478,Jorge,20/08/1966
479,Susi,15/09/1980
480,Theobald,22/12/1987
481,Kath,20/10/1974
482,Lura,03/11/2020
483,Kimberli,13/02/1960
484,Parke,03/08/2007
485,Thedric,19/11/1968
486,Benita,12/09/1987
487,Tobie,26/09/1982
488,Packston,06/10/2022
489,Lefty,04/11/2001
490,Farr,19/10/1996
491,Jillane,08/04/2012
492,Vic,09/11/1977
493,Siana,29/09/1967
494,Haydon,01/04/1992
495,Ron,26/06/1952
496,Murdock,19/02/1967
497,Mahala,12/05/2015
498,Olga,02/01/1980
499,Berkie,13/12/1959
500,Wheeler,10/10/2003
